tweet_text,sentiment,date,topic,source
"@switchfoot http://twitpic.com/2y1zl - Awww, that's a bummer.  You shoulda got David Carr of Third Day to do it. ;D",Negative,Mon Apr 06 22:19:45 PDT 2009,Healthcare Services,Twitter
"@nationwideclass no, it's not behaving at all. i'm mad. why am i here? because I can't see you all over there. ",Negative,Mon Apr 06 22:19:57 PDT 2009,Healthcare Services,Twitter
@twittera que me muera ? ,Negative,Mon Apr 06 22:20:09 PDT 2009,Healthcare Services,Twitter
I just re-pierced my ears ,Negative,Mon Apr 06 22:20:17 PDT 2009,Healthcare Services,Twitter
"@octolinz16 It it counts, idk why I did either. you never talk to me anymore ",Negative,Mon Apr 06 22:20:19 PDT 2009,Healthcare Services,Twitter
"@smarrison i would've been the first, but i didn't have a gun.    not really though, zac snyder's just a doucheclown.",Negative,Mon Apr 06 22:20:20 PDT 2009,Healthcare Services,Twitter
@iamjazzyfizzle I wish I got to watch it with you!! I miss you and @iamlilnicki  how was the premiere?!,Negative,Mon Apr 06 22:20:20 PDT 2009,Healthcare Services,Twitter
Hollis' death scene will hurt me severely to watch on film  wry is directors cut not out now?,Negative,Mon Apr 06 22:20:22 PDT 2009,Healthcare Services,Twitter
@FakerPattyPattz Oh dear. Were you drinking out of the forgotten table drinks? ,Negative,Mon Apr 06 22:20:34 PDT 2009,Healthcare Services,Twitter
"one of my friend called me, and asked to meet with her at Mid Valley today...but i've no time *sigh* ",Negative,Mon Apr 06 22:20:38 PDT 2009,Healthcare Services,Twitter
Just going to cry myself to sleep after watching Marley and Me.  ,Negative,Mon Apr 06 22:20:50 PDT 2009,Healthcare Services,Twitter
Meh... Almost Lover is the exception... this track gets me depressed every time. ,Negative,Mon Apr 06 22:21:04 PDT 2009,Healthcare Services,Twitter
@alielayus I want to go to promote GEAR AND GROOVE but unfornately no ride there  I may b going to the one in Anaheim in May though,Negative,Mon Apr 06 22:21:07 PDT 2009,Healthcare Services,Twitter
thought sleeping in was an option tomorrow but realizing that it now is not. evaluations in the morning and work in the afternoon! ,Negative,Mon Apr 06 22:21:09 PDT 2009,Healthcare Services,Twitter
@julieebaby awe i love you too!!!! 1 am here  i miss you,Negative,Mon Apr 06 22:21:11 PDT 2009,Healthcare Services,Twitter
ok I'm sick and spent an hour sitting in the shower cause I was too sick to stand and held back the puke like a champ. BED now ,Negative,Mon Apr 06 22:21:20 PDT 2009,Healthcare Services,Twitter
@cocomix04 ill tell ya the story later  not a good day and ill be workin for like three more hours...,Negative,Mon Apr 06 22:21:27 PDT 2009,Healthcare Services,Twitter
@MissXu sorry! bed time came here (GMT+1)   http://is.gd/fNge,Negative,Mon Apr 06 22:21:30 PDT 2009,Healthcare Services,Twitter
@fleurylis I don't either. Its depressing. I don't think I even want to know about the kids in suitcases. ,Negative,Mon Apr 06 22:21:32 PDT 2009,Healthcare Services,Twitter
Bed. Class 8-12. Work 12-3. Gym 3-5 or 6. Then class 6-10. Another day that's gonna fly by. I miss my girlfriend ,Negative,Mon Apr 06 22:21:39 PDT 2009,Healthcare Services,Twitter
@JonathanRKnight Awww I soo wish I was there to see you finally comfortable! Im sad that I missed it ,Negative,Mon Apr 06 22:21:53 PDT 2009,Healthcare Services,Twitter
"Just checked my user timeline on my blackberry, it looks like the twanking is still happening  Are ppl still having probs w/ BGs and UIDs?",Negative,Mon Apr 06 22:22:06 PDT 2009,Healthcare Services,Twitter
Where did u move to?  I thought u were already in sd. ?? Hmmm. Random u found me. Glad to hear yer doing well.,Negative,Mon Apr 06 22:22:49 PDT 2009,Healthcare Services,Twitter
"Sadly though, I've never gotten to experience the post coitus cigarette before, and now I never will. ",Negative,Mon Apr 06 22:23:08 PDT 2009,Healthcare Services,Twitter
"Mo jobs, no money.  how in the hell is min wage here 4 f'n clams an hour?",Negative,Mon Apr 06 22:23:28 PDT 2009,Healthcare Services,Twitter
@katortiz  Not forever... See you soon!,Negative,Mon Apr 06 22:23:28 PDT 2009,Healthcare Services,Twitter
@jdarter Oh! Haha... dude I dont really look at em unless someone says HEY I ADDED YOU. Sorry  I'm so terrible at that. I need a pop up!,Negative,Mon Apr 06 22:23:35 PDT 2009,Healthcare Services,Twitter
@ninjen I'm sure you're right...    I need to start working out with you and the Nikster... Or Jared at least!,Negative,Mon Apr 06 22:23:39 PDT 2009,Healthcare Services,Twitter
"Gym attire today was: Puma singlet, Adidas shorts.......and black business socks and leather shoes  Lucky did not run into any cute girls.",Negative,Mon Apr 06 22:23:43 PDT 2009,Healthcare Services,Twitter
"@ashleyac My donkey is sensitive about such comments. Nevertheless, he'd (and me'd) be glad to see your mug asap. Charger is still awol. ",Negative,Mon Apr 06 22:25:44 PDT 2009,Healthcare Services,Twitter
wonders why someone that u like so much can make you so unhappy in a split seccond . depressed . ,Negative,Mon Apr 06 22:25:49 PDT 2009,Healthcare Services,Twitter
"@statravelAU just got ur newsletter, those fares really are unbelievable, shame I already booked and paid for mine ",Negative,Mon Apr 06 22:25:53 PDT 2009,Healthcare Services,Twitter
"My tummy hurts.  I wonder if the hypnosis has anything to do with it? If so, it's working, I get it, STOP SMOKING!!!",Negative,Mon Apr 06 22:26:06 PDT 2009,Healthcare Services,Twitter
@Hollywoodheat I should have paid more attention when we covered photoshop in my webpage design class in undergrad ,Negative,Mon Apr 06 22:26:10 PDT 2009,Healthcare Services,Twitter
Poor cameron (the hills) ,Negative,Mon Apr 06 22:26:18 PDT 2009,Healthcare Services,Twitter
"pray for me please, the ex is threatening to start sh** at my/our babies 1st Birthday party. what a jerk. and I still have a headache ",Negative,Mon Apr 06 22:26:21 PDT 2009,Healthcare Services,Twitter
"@makeherfamous hmm  , do u really enjoy being with him ? if the problems are too constants u should think things more , find someone ulike",Negative,Mon Apr 06 22:26:22 PDT 2009,Healthcare Services,Twitter
Strider is a sick little puppy  http://apps.facebook.com/dogbook/profile/view/5248435,Negative,Mon Apr 06 22:26:27 PDT 2009,Healthcare Services,Twitter
"so rylee,grace...wana go steve's party or not?? SADLY SINCE ITS EASTER I WNT B ABLE 2 DO MUCH  BUT OHH WELL.....",Negative,Mon Apr 06 22:26:28 PDT 2009,Healthcare Services,Twitter
"@stark YOU don't follow me, either  and i work for you!",Negative,Mon Apr 06 22:26:29 PDT 2009,Healthcare Services,Twitter
 Body Of Missing Northern Calif. Girl Found: Police have found the remains of a missing Northern California girl .. http://tr.im/imji,Negative,Mon Apr 06 22:26:33 PDT 2009,Healthcare Services,Twitter
"@mangaaa I hope they will increase the capacity fast, yesterday was such a pain. Got the fail whale +15 times in 2 hours.... ",Negative,Mon Apr 06 22:26:38 PDT 2009,Healthcare Services,Twitter
@kpreyes Remember my bum leg? Strikes back this time its serious ,Negative,Mon Apr 06 22:26:45 PDT 2009,Healthcare Services,Twitter
"@paradisej cool, i will. their are all kinds of complaints about this laptop online about overheating, but no recalls ",Negative,Mon Apr 06 22:26:45 PDT 2009,Healthcare Services,Twitter
Emily will be glad when Mommy is done training at her new job. She misses her.  http://apps.facebook.com/dogbook/profile/view/6176014,Negative,Mon Apr 06 22:26:48 PDT 2009,Healthcare Services,Twitter
would rather the first party send bad messages than the 3rd party send mixed ones  Sophmore year all over again?,Negative,Mon Apr 06 22:26:49 PDT 2009,Healthcare Services,Twitter
@Henkuyinepu it's overrated ,Negative,Mon Apr 06 22:26:52 PDT 2009,Healthcare Services,Twitter
@marykatherine_q i know! I heard it this afternoon and wondered the same thing. Moscow is so behind the times ,Negative,Mon Apr 06 22:26:54 PDT 2009,Healthcare Services,Twitter
I'm sooo sad!!! they killed off Kutner on House  whyyyyyyyy,Negative,Mon Apr 06 22:26:57 PDT 2009,Healthcare Services,Twitter
@jacobsummers Sorry  tell them mea culpa from me and that I really am sorry.,Negative,Mon Apr 06 22:27:00 PDT 2009,Healthcare Services,Twitter
@salancaster  hope your ok.,Negative,Mon Apr 06 22:27:02 PDT 2009,Healthcare Services,Twitter
@mercedesashley Damn! The grind is inspirational and saddening at the same time.  Don't want you to stop cuz I like what u do! Much love,Negative,Mon Apr 06 22:27:08 PDT 2009,Healthcare Services,Twitter
Hanging in Crooners. Wanna sing. Can't. Sucks. ,Negative,Mon Apr 06 22:27:16 PDT 2009,Healthcare Services,Twitter
@eRRe_sC aaw i miss ya all too.. im leaving to BH tomorrow &quot;morning&quot; i think.. aww i wanna go to the beach w u girls!! ,Negative,Mon Apr 06 22:27:18 PDT 2009,Healthcare Services,Twitter
Is pissed off that there's no ASBA's for a radio station. ,Negative,Mon Apr 06 22:27:21 PDT 2009,Healthcare Services,Twitter
"@grum WAH I can't see clip, must be el-stupido work filters. Can't wait 'till I get a 'puter. Something else 2 blame ex 4. He broke mine ",Negative,Mon Apr 06 22:27:45 PDT 2009,Healthcare Services,Twitter
This week just seems to get longer and longer in terms of how much I need to do.. and how much I'm actually going to get done ,Negative,Mon Apr 06 22:27:45 PDT 2009,Healthcare Services,Twitter
@thecoolestout Ehhh don't. Weather's gonna take a turn for the ugly tomorrow ,Negative,Mon Apr 06 22:27:56 PDT 2009,Healthcare Services,Twitter
@chelserlynn haha its so cooooold in the d! and no  but you should still go to the show. they do some incredible stuff,Negative,Mon Apr 06 22:27:56 PDT 2009,Healthcare Services,Twitter
"@Knights_ No, no notice. They told me I'd be working tomorrow, and then I called the agency to follow up and they said it was over. ",Negative,Mon Apr 06 22:28:02 PDT 2009,Healthcare Services,Twitter
i miss kenny powers ,Negative,Mon Apr 06 22:28:07 PDT 2009,Healthcare Services,Twitter
My mom might have breast cancer won't find out anything for. Like a week I'm so worried! ,Negative,Mon Apr 06 22:28:26 PDT 2009,Healthcare Services,Twitter
Going to sleep. Hoping tomorrow is a better day. ,Negative,Mon Apr 06 22:28:33 PDT 2009,Healthcare Services,Twitter
@rumblepurr lol.. wish they understood daylight savings has ended though and breakfast is an hour later  They keep waking the kids up too,Negative,Mon Apr 06 22:28:32 PDT 2009,Healthcare Services,Twitter
I don't understand... I really don't ,Negative,Mon Apr 06 22:28:38 PDT 2009,Healthcare Services,Twitter
HEROES just isn't doing it for me this season... ,Negative,Mon Apr 06 22:28:38 PDT 2009,Healthcare Services,Twitter
@jonathanchard Not calorie wise   I wish junk food was calorie free! I ate a thing of sour skittles and a big ass cherry coke!,Negative,Mon Apr 06 22:28:48 PDT 2009,Healthcare Services,Twitter
No phantasy star yesterday  going to work...,Negative,Mon Apr 06 22:30:45 PDT 2009,Healthcare Services,Twitter
Oh - Just got all my MacHeist 3.0 apps - sweet. Didn't get the Espresso serial no though although they said they sent it - oh well ,Negative,Mon Apr 06 22:30:50 PDT 2009,Healthcare Services,Twitter
"@RyanSeacrest is it just me, or she hates anoop. i mean seriously, she's kinda mean to him. ",Negative,Mon Apr 06 22:31:05 PDT 2009,Healthcare Services,Twitter
@pinkserendipity yes sprint has 4g only in baltimore and chicago so far ,Negative,Mon Apr 06 22:31:09 PDT 2009,Healthcare Services,Twitter
I'm stuck awake in the middle of the night for the second day in a row. And I felt terrible yesterday. ,Negative,Mon Apr 06 22:31:15 PDT 2009,Healthcare Services,Twitter
@marieclr I was serious  LOL,Negative,Mon Apr 06 22:31:31 PDT 2009,Healthcare Services,Twitter
@machineplay I'm so sorry you're having to go through this. Again.  #therapyfail,Negative,Mon Apr 06 22:31:48 PDT 2009,Healthcare Services,Twitter
@ColinDeMar Far too out of the way for rail.  any other tips?,Negative,Mon Apr 06 22:31:50 PDT 2009,Healthcare Services,Twitter
@dannyvegasbaby danny im upset that i wasnt here to watch the live chat  i was in a car. for 3 hours on a trip im soooo upset!!,Negative,Mon Apr 06 22:31:59 PDT 2009,Healthcare Services,Twitter
Check out my mug  http://www.erika-obscura.blogspot.com,Negative,Mon Apr 06 22:32:02 PDT 2009,Healthcare Services,Twitter
Borders closed at 10 ,Negative,Mon Apr 06 22:32:06 PDT 2009,Healthcare Services,Twitter
Just woke up an already have written some e-mail... I've to go early at University today as I have to teach at 8:30 AM! ,Negative,Mon Apr 06 22:32:16 PDT 2009,Healthcare Services,Twitter
@supersport I miss my buddy  ill be in NY on the 25th,Negative,Mon Apr 06 22:32:23 PDT 2009,Healthcare Services,Twitter
@robluketic  love the french. I tell people here in the south i'm qtr. french and they snarl at me.  french are beautiful people,Negative,Mon Apr 06 22:32:28 PDT 2009,Healthcare Services,Twitter
"I activated my Selfcontrol block early, meaning I can't check out the new QC.  Regularizing my internal clock is might be difficult. #fb",Negative,Mon Apr 06 22:32:30 PDT 2009,Healthcare Services,Twitter
spencer is not a good guy. ,Negative,Mon Apr 06 22:32:36 PDT 2009,Healthcare Services,Twitter
"@JonathanRKnight I hate the limited letters,too.Hope you and the guys are fine?I pray for my dog,sheï¿½s not well ",Negative,Mon Apr 06 22:32:38 PDT 2009,Healthcare Services,Twitter
"Job Interview in Cardiff today, wish me luck! Got about 3 hours sleep ",Negative,Mon Apr 06 22:33:00 PDT 2009,Healthcare Services,Twitter
My mind and body are severely protesting this &quot;getting up&quot;  thing. Had nightmares to boot ,Negative,Mon Apr 06 22:33:20 PDT 2009,Healthcare Services,Twitter
My nap was interrupted so many times today  Going out for Japanese with the 'rents again...,Negative,Mon Apr 06 22:33:32 PDT 2009,Healthcare Services,Twitter
Awwh babs... you look so sad underneith that shop entrance of &quot;Yesterday's Musik&quot;  O-: I like the look of the new transformer movie ,Negative,Mon Apr 06 22:33:35 PDT 2009,Healthcare Services,Twitter
I'm gonna get up late tomorrow and it's 132am here. I gonna get tipsy by my lonesome. That's...that's just sad ,Negative,Mon Apr 06 22:33:44 PDT 2009,Healthcare Services,Twitter
"I'm sweating my forthcoming trip to E3.  If I can't find someone to crash with while I'm out there, I may be screwed.  ",Negative,Mon Apr 06 22:35:29 PDT 2009,Healthcare Services,Twitter
@DonnieWahlberg I hope i can make it to the auburn show. but its not looking good for me ,Negative,Mon Apr 06 22:35:31 PDT 2009,Healthcare Services,Twitter
@David_Henrie *thats people mag haha i couldnt fit it all in.. i dont think those pictures ever made it in the magazine tho!  haha,Negative,Mon Apr 06 22:35:35 PDT 2009,Healthcare Services,Twitter
@breadandbadger Congrats!!  i totally forgot to submit photos ,Negative,Mon Apr 06 22:35:36 PDT 2009,Healthcare Services,Twitter
"I miss you twitter. My phone broke, now I'm using a stupid Nokia phone. Ughhh, I miss my advance phone. ",Negative,Mon Apr 06 22:35:41 PDT 2009,Healthcare Services,Twitter
Tuesdayï¿½ll start with reflection ï¿½n then a lecture in Stress reducing techniques. That sure might become very useful for us accompaniers ,Negative,Mon Apr 06 22:35:44 PDT 2009,Healthcare Services,Twitter
What tragedy and disaster in the news this week ,Negative,Mon Apr 06 22:35:46 PDT 2009,Healthcare Services,Twitter
@charlietm I know right. I dunno what is going on with twitter. ,Negative,Mon Apr 06 22:35:50 PDT 2009,Healthcare Services,Twitter
@ircmaxell - I think I need to find better anti-depressants.  I think this Paxil/Wellbutrin combo is losing its efficacy.  ,Negative,Mon Apr 06 22:35:51 PDT 2009,Healthcare Services,Twitter
@MyConnecticut Restaurant called WoodNTap has competitive eating tourney round tourney time. We place 2nd ,Negative,Mon Apr 06 22:35:52 PDT 2009,Healthcare Services,Twitter
I'm really cold. I don't want to go to sleep yet but there's nothing to do ,Negative,Mon Apr 06 22:36:06 PDT 2009,Healthcare Services,Twitter
@kristencampisi is this it 4 u? Its ' officially over ' 4 me this go round! ,Negative,Mon Apr 06 22:36:06 PDT 2009,Healthcare Services,Twitter
@miss_om Aww  I know I felt like that yesterday at work ,Negative,Mon Apr 06 22:36:15 PDT 2009,Healthcare Services,Twitter
@jpfurry poor john  this is what happens when you play with fruit and a microwave! Seriously though HAVE you seen a doctor?? Xxx,Negative,Mon Apr 06 22:36:20 PDT 2009,Healthcare Services,Twitter
Missing My BFF  watching home and away it reminds me of her and me  we &lt;3 It. shout out to u courts,Negative,Mon Apr 06 22:36:26 PDT 2009,Healthcare Services,Twitter
i think to much on the past. i cant change it. i deserved so much more then wat i got. ..but why am i still thinking about him  gah,Negative,Mon Apr 06 22:36:52 PDT 2009,Healthcare Services,Twitter
has lost his ring. It's no-where to be seen ,Negative,Mon Apr 06 22:36:54 PDT 2009,Healthcare Services,Twitter
"@burgaw Ooooooh! *sealclap* See, I download shitloads of zip folders off 4chan. I have no internet moneys.  FUCK YEAH ALICIA &amp; MIKEY.",Negative,Mon Apr 06 22:37:03 PDT 2009,Healthcare Services,Twitter
Is still nursing my Nile but glad he is feeling better. I hate when my baby is sick ,Negative,Mon Apr 06 22:37:04 PDT 2009,Healthcare Services,Twitter
@Brandizzzle08 yoyoyo. my internet has been rude tonight. it JUST reconnected and I'm about to go to bed. ,Negative,Mon Apr 06 22:37:16 PDT 2009,Healthcare Services,Twitter
@jemcam well i have uni stuff and netball  but after netbal if i've done uni stuff we can,Negative,Mon Apr 06 22:37:22 PDT 2009,Healthcare Services,Twitter
"dierks bentley is comin' to columbus, OH!! i wanna go so bad ",Negative,Mon Apr 06 22:37:36 PDT 2009,Healthcare Services,Twitter
gr8t my face is very itchy ,Negative,Mon Apr 06 22:37:41 PDT 2009,Healthcare Services,Twitter
poor socks  luvvvvv the golden retriever!! I want one sighhhh,Negative,Mon Apr 06 22:37:41 PDT 2009,Healthcare Services,Twitter
I just saw that they found that Tracy girl in a piece of luggage... How fucking terrible ,Negative,Mon Apr 06 22:37:44 PDT 2009,Healthcare Services,Twitter
@DonnieWahlberg ooh Iï¿½m excited and not even going 2 be there  long love YOUTUBE!,Negative,Mon Apr 06 22:37:46 PDT 2009,Healthcare Services,Twitter
@mathewsmichael  i agree... the jobros dont update theres very often ,Negative,Mon Apr 06 22:37:57 PDT 2009,Healthcare Services,Twitter
@DiannePulham OOOOOOOO who with? (im not neither but thats because i need to study  ),Negative,Mon Apr 06 22:38:04 PDT 2009,Healthcare Services,Twitter
seriously needs to finish these job applications ,Negative,Mon Apr 06 22:38:08 PDT 2009,Healthcare Services,Twitter
Whinging. My client&amp;boss don't understand English well. Rewrote some text unreadable. It's written by v. good writer&amp;reviewed correctly. ,Negative,Mon Apr 06 22:38:18 PDT 2009,Healthcare Services,Twitter
@huntermoore I don't want him to ever punch me.  ,Negative,Mon Apr 06 22:38:20 PDT 2009,Healthcare Services,Twitter
I would like to apologize for the repeated Video Games Live related tweets. I am going to have a stern discussion with Koodo soon. Stern. ,Negative,Mon Apr 06 22:38:26 PDT 2009,Healthcare Services,Twitter
@zaydia but i cant figure out how to get there / back / pay for a hotel etc ,Negative,Mon Apr 06 22:38:30 PDT 2009,Healthcare Services,Twitter
"FML: So much for seniority, bc of technological ineptness, I now have to &quot;register&quot; for classes AGAIN ",Negative,Mon Apr 06 22:38:28 PDT 2009,Healthcare Services,Twitter
feels like she slept the day away.    Not looking forward to any more bouts with my gallbladder.  At least I have pills now for the pain.,Negative,Mon Apr 06 22:38:32 PDT 2009,Healthcare Services,Twitter
"@riancurtis  i'm here, friend, and i love you.",Negative,Mon Apr 06 22:40:20 PDT 2009,Healthcare Services,Twitter
Just called Hillsong again - they said they couldn't tell me where I was on the waiting list - I don't know if it's looking so good ,Negative,Mon Apr 06 22:40:33 PDT 2009,Healthcare Services,Twitter
@jokerrrr It stillllll hasn't arrived ,Negative,Mon Apr 06 22:40:38 PDT 2009,Healthcare Services,Twitter
Is terrified she accidentally deleted a reference in her management assignment and hopes she doesnt get in trouble when she gets back ,Negative,Mon Apr 06 22:40:48 PDT 2009,Healthcare Services,Twitter
amazon s3 plugin not worked in my website . it need PHP 5 . but my hosting provider has only PHP 4.4  . very sad.,Negative,Mon Apr 06 22:41:07 PDT 2009,Healthcare Services,Twitter
"Argh! I was suuuper sleepy an hour ago, now I'm wide awake.  Hope I don't stay up all night. :-/",Negative,Mon Apr 06 22:41:06 PDT 2009,Healthcare Services,Twitter
Just watched tropic thunder. Dreading tomorrow ,Negative,Mon Apr 06 22:41:15 PDT 2009,Healthcare Services,Twitter
"http://twitpic.com/2y2wr - according to my bro, our new puppy had a poo fight and was covered in poop  (picture stolen from him)",Negative,Mon Apr 06 22:41:20 PDT 2009,Healthcare Services,Twitter
My thoughts are with Sandra Cantu's family at this difficult and sad time ,Negative,Mon Apr 06 22:41:27 PDT 2009,Healthcare Services,Twitter
"@FranzGlaus I know, just wanted to let everybody know what was happening  ",Negative,Mon Apr 06 22:41:29 PDT 2009,Healthcare Services,Twitter
"@alicayaba so cuuute! hey, i miss you na!  its not the same not seeing you girls everyday ",Negative,Mon Apr 06 22:41:36 PDT 2009,Healthcare Services,Twitter
@JonathanRKnight Oh! Did I mention it? &quot;Gooooood Moooorniiiiiiing&quot;  from Germany! Im back in my cage....or better...my office ,Negative,Mon Apr 06 22:41:52 PDT 2009,Healthcare Services,Twitter
"Aww, Sandra Cantu is found dead in a suitcase  Missing children stories never seem to go good. Poor family.",Negative,Mon Apr 06 22:41:54 PDT 2009,Healthcare Services,Twitter
wishing i was home underneath my covers ,Negative,Mon Apr 06 22:41:54 PDT 2009,Healthcare Services,Twitter
walking home from school drains all my energy ,Negative,Mon Apr 06 22:41:54 PDT 2009,Healthcare Services,Twitter
@SaveTheStrib Dang! I would have done this if I knew it was there earlier.  Any other outings planned?,Negative,Mon Apr 06 22:41:56 PDT 2009,Healthcare Services,Twitter
I wish I was better at writing. It's taking me so long to write this paper. ,Negative,Mon Apr 06 22:41:57 PDT 2009,Healthcare Services,Twitter
"@vene2ia ...not yet unfortunately, another few weeks I've been told  How are you? I've been a little bit busy with my latest project.",Negative,Mon Apr 06 22:42:00 PDT 2009,Healthcare Services,Twitter
day 2. a lot harder than day 1. let's see how day 3 goes tomorrow. ,Negative,Mon Apr 06 22:42:06 PDT 2009,Healthcare Services,Twitter
@a5hleyf i'm spending time with my grandma early tomorrow and i can't leave skittles by herself. ,Negative,Mon Apr 06 22:42:28 PDT 2009,Healthcare Services,Twitter
"@griffmiester no exchanging for me, my laptop hasn't arrived ",Negative,Mon Apr 06 22:42:32 PDT 2009,Healthcare Services,Twitter
@hyperbets i hope this doesn't last too long.  i feel miserable!,Negative,Mon Apr 06 22:42:37 PDT 2009,Healthcare Services,Twitter
@TheLeagueSF Not Fun &amp; Furious? The new mantra for the Bay 2 Breakers? It was getting 2 rambunctious;the city overreacted &amp; clamped down ,Negative,Mon Apr 06 22:42:49 PDT 2009,Healthcare Services,Twitter
@amber_benson  my hubby (for some reason) thinks it's more important he has a good spot for red carpet for the Trek Movie Premiere. Sod!,Negative,Mon Apr 06 22:42:51 PDT 2009,Healthcare Services,Twitter
"I swear no matter how long I've been getting up at 5am, it never gets any easier. Man my eyes hurts wah ",Negative,Mon Apr 06 22:42:49 PDT 2009,Healthcare Services,Twitter
@Jeffree_Star Jeffree! How do you keep your hair one color? My PERMANENT dye fades within the week ,Negative,Mon Apr 06 22:42:56 PDT 2009,Healthcare Services,Twitter
"still sick. feeling a bit better, got some new medicine.... hope I feel good after a night of sleep. ohh, and it's suppose to snow! WTF! ",Negative,Mon Apr 06 22:43:06 PDT 2009,Healthcare Services,Twitter
"@Dangerm0use I think maybe you should get a couple more hours of sleep, hon. How productive can you be right now if ur dog tired? I worry ",Negative,Mon Apr 06 22:43:12 PDT 2009,Healthcare Services,Twitter
Wish I had all the XBLM downloads all on the gamertag 'Hitokyri'. This 5 gamertag thing is nonsense... and I'm tired of it ,Negative,Mon Apr 06 22:43:17 PDT 2009,Healthcare Services,Twitter
I don't understand why things get taken away. I didn't have enough time with him its unfair. I want him back!! He was like my baby ,Negative,Mon Apr 06 22:43:38 PDT 2009,Healthcare Services,Twitter
@cococourtney i was just listening to the sweets for the first time in forever! i miss them so much  can we go to chi town for visits plz?,Negative,Mon Apr 06 22:43:43 PDT 2009,Healthcare Services,Twitter
"Geez what a busy afternoon. Meetings, emails, meetings and email and more meetings. 6pm and the day is still going! Ah its dark and ",Negative,Mon Apr 06 22:43:44 PDT 2009,Healthcare Services,Twitter
"DANG!!! ANOTHER SPRING BREAK!!!  HOW COOL IS THAT???  TOO BAD I HAVE TO WORK ALL WEEK  OH WELL, MORE MONEY FOR A PHONE.  ttyl EVERBODY!!!",Negative,Mon Apr 06 22:43:46 PDT 2009,Healthcare Services,Twitter
"@nick_carter Aww Nick!! I like your hair longer, why did you cut it off?  Break. My. Heart.",Negative,Mon Apr 06 22:44:34 PDT 2009,Healthcare Services,Twitter
 wonder if Jon lost the net,Negative,Mon Apr 06 22:44:48 PDT 2009,Healthcare Services,Twitter
Wow. The most depressing thing in the world is losing a video that you've created in a matter of seconds.  #FML,Negative,Mon Apr 06 22:44:52 PDT 2009,Healthcare Services,Twitter
Time to move my posterior  and lose some fat. My articulation are creaking so no more running  but Iï¿½m drool for some swimming,Negative,Mon Apr 06 22:45:10 PDT 2009,Healthcare Services,Twitter
Bad news was Dad has cancer and is dying   Good news new business started and  I am now a life coach practising holistic weight management,Negative,Mon Apr 06 22:45:40 PDT 2009,Healthcare Services,Twitter
@duchess_rebecca Man... intervention is soo sad ,Negative,Mon Apr 06 22:45:44 PDT 2009,Healthcare Services,Twitter
Pepperoni rolls in L.A.?: I called Valentino's - they said that they had sausage rolls but no pepperoni rolls  http://tinyurl.com/cec5ka,Negative,Mon Apr 06 22:45:53 PDT 2009,Healthcare Services,Twitter
I miss watching Rocko's Modern Life. ,Negative,Mon Apr 06 22:46:16 PDT 2009,Healthcare Services,Twitter
Keeping my fingers crossed for my buddy    He is not feeling well.,Negative,Mon Apr 06 22:46:24 PDT 2009,Healthcare Services,Twitter
"@Marge_Inovera I tried tweetdeck once and I hated it with a passion. Or it hated me, I'm not sure... ",Negative,Mon Apr 06 22:46:24 PDT 2009,Healthcare Services,Twitter
"@benackerman BTW my iPhone is acting funny, dying quickly and freezing and BS.  I'm not admitting anything, just sayin ",Negative,Mon Apr 06 22:46:27 PDT 2009,Healthcare Services,Twitter
Sitting here wondering why &quot;ED&quot; still has such a strong hold on me ,Negative,Mon Apr 06 22:46:32 PDT 2009,Healthcare Services,Twitter
"@carolrainbow no Internet at home, have to drive into Ox to use Internet because of builders! ",Negative,Mon Apr 06 22:46:40 PDT 2009,Healthcare Services,Twitter
@Steve_Buscemi the weather in Canada is freezing ,Negative,Mon Apr 06 22:46:44 PDT 2009,Healthcare Services,Twitter
"Home from Franklin street, I almost jumped over a fire. Someone kicked it before I could.  Jenny lost her shoe.",Negative,Mon Apr 06 22:47:05 PDT 2009,Healthcare Services,Twitter
"@ellievolia If oooonly we were really so lucky, eh? And awh  Definitely too early for work.",Negative,Mon Apr 06 22:47:28 PDT 2009,Healthcare Services,Twitter
needs another copy of visual studio 2008 ,Negative,Mon Apr 06 22:47:40 PDT 2009,Healthcare Services,Twitter
@hummiemd I KNOW! I was really surprised since everyone recommends them on youtube.  I have to call them tomorrow and figure it all out.,Negative,Mon Apr 06 22:48:00 PDT 2009,Healthcare Services,Twitter
@celycarmo i'm sorry I don't understand your last comment ,Negative,Mon Apr 06 22:48:03 PDT 2009,Healthcare Services,Twitter
"@KishoreK this is strange, illegal torrents avlbl everywhere, legal DVD not in stock  What do I do now???",Negative,Mon Apr 06 22:48:08 PDT 2009,Healthcare Services,Twitter
@SupaMagg that happened to me saturday night. along with my glittery green lighter! ,Negative,Mon Apr 06 22:48:17 PDT 2009,Healthcare Services,Twitter
trying to reduce the number of cigarettes in each day! ,Negative,Mon Apr 06 22:48:19 PDT 2009,Healthcare Services,Twitter
yea it is so quiet around here cuz everyone has to work im bored to death with nobody to talk to ,Negative,Mon Apr 06 22:48:23 PDT 2009,Healthcare Services,Twitter
"@treesahquiche okay, about the applepears, I've talked to a few people and they've ALL had them before. No one ever told me, never ",Negative,Mon Apr 06 22:48:32 PDT 2009,Healthcare Services,Twitter
"@jennifermf I know!  I'm a night owl by nature, hahaha Am I a time zone behind you? It's almost 1 here",Negative,Mon Apr 06 22:48:34 PDT 2009,Healthcare Services,Twitter
@mamasvan lol - nope! but i did have complete #camerafail ,Negative,Mon Apr 06 22:48:35 PDT 2009,Healthcare Services,Twitter
@maxime68 @megelder But! I'm useless if I don't sleep  It's not fair! I want all the fun as well!!!,Negative,Mon Apr 06 22:48:37 PDT 2009,Healthcare Services,Twitter
My Pookie has a UTI.  I have to be Nurse Gabbie and get him back to 100%!!! No more sodas!!!!!!!!!!!!!!,Negative,Mon Apr 06 22:48:38 PDT 2009,Healthcare Services,Twitter
"I'm SO behind in video games, and everything for that matter. I'm yesterday's news ",Negative,Mon Apr 06 22:48:50 PDT 2009,Healthcare Services,Twitter
Is stressing out because my blackberry keeps flashing a red alert status for no reason!! Its faking me out and I hate it!!! ,Negative,Mon Apr 06 22:48:54 PDT 2009,Healthcare Services,Twitter
http://twitpic.com/2y34e - I wanna wear my Doc Martens out! Haven't worn them since December. ,Negative,Mon Apr 06 22:49:51 PDT 2009,Healthcare Services,Twitter
it'll take 3 days for my sister to get her passport ,Negative,Mon Apr 06 22:49:58 PDT 2009,Healthcare Services,Twitter
@nicolerichie OH MY YES!! i miss ,Negative,Mon Apr 06 22:50:03 PDT 2009,Healthcare Services,Twitter
Watching Who Framed Roger Rabbit. Makes me miss Toon Town. ,Negative,Mon Apr 06 22:50:19 PDT 2009,Healthcare Services,Twitter
"@akianz renting.. but very cheap renting, and awesome house. We had 3 buying attempts fall through ",Negative,Mon Apr 06 22:50:28 PDT 2009,Healthcare Services,Twitter
I'm so upset that I missed my chat and quiz online because my free internet has ceased ,Negative,Mon Apr 06 22:50:58 PDT 2009,Healthcare Services,Twitter
can't believe it! I'm in disbelief of it all in a way really. How much can I take from people and always get hurt by others!! ,Negative,Mon Apr 06 22:51:00 PDT 2009,Healthcare Services,Twitter
@KevChoice I just don't get it. What in a persons mind could even have them on some ish like this???  My prayers are with her fam for real,Negative,Mon Apr 06 22:51:17 PDT 2009,Healthcare Services,Twitter
@frago I hate you. I didn't need to see that. I need to call my therapist now. ,Negative,Mon Apr 06 22:51:19 PDT 2009,Healthcare Services,Twitter
Twilight didn't come yesterday  fingers crossed for today,Negative,Mon Apr 06 22:51:24 PDT 2009,Healthcare Services,Twitter
@NileLegania glad I was able help you feel better. I hate to see you sick  Love you!,Negative,Mon Apr 06 22:51:25 PDT 2009,Healthcare Services,Twitter
@corrosivecandy Ive forgotten how to snoo-snoo  I wonder if snoo-snoo and I will ever meet again...,Negative,Mon Apr 06 22:51:40 PDT 2009,Healthcare Services,Twitter
"My bathtub drain is fired: it haz 1 job 2 do, &amp; it iz FAIL. I got all Drano on its ass, &amp; iz STILL NOT DRAINING. I wanna shower, dangit!! ",Negative,Mon Apr 06 22:51:46 PDT 2009,Healthcare Services,Twitter
"@Appomattox_News Thank you! However, I hate to be on the same list that includes 2 convicts.  ",Negative,Mon Apr 06 22:51:51 PDT 2009,Healthcare Services,Twitter
MORNING!!! Good im bloody knackered!!! Work is not for me today  HELPPP!!!! xxx,Negative,Mon Apr 06 22:51:53 PDT 2009,Healthcare Services,Twitter
"&quot;On popular music&quot; by T.W.Adorno is probably the most difficult reading ever prescribed, I'm actually struggling to continue ",Negative,Mon Apr 06 22:52:06 PDT 2009,Healthcare Services,Twitter
"http://twitpic.com/2y36e - cant see the flowers falling  i dont have a camera, just my cellphone",Negative,Mon Apr 06 22:52:11 PDT 2009,Healthcare Services,Twitter
"We've been good. I'm not liking the snow right now, was getting used to the nice Spring-like weather.  How about you?",Negative,Mon Apr 06 22:52:13 PDT 2009,Healthcare Services,Twitter
This is the best leather sofa in the world!  It's in the office though which means I'm still here working ,Negative,Mon Apr 06 22:52:21 PDT 2009,Healthcare Services,Twitter
Still 3 more days until my Internet gets uncapped ,Negative,Mon Apr 06 22:52:23 PDT 2009,Healthcare Services,Twitter
"If he doesn't get better in a few days, he could have something lodged in his belly ",Negative,Mon Apr 06 22:52:25 PDT 2009,Healthcare Services,Twitter
i Love my atekinzz so much. &amp;&amp; i soo miss her.. ,Negative,Mon Apr 06 22:52:27 PDT 2009,Healthcare Services,Twitter
"Our sweet little man just fell asleep while waiting up for daddy and big brother to get home!  Poor baby, he missed them so much today!",Negative,Mon Apr 06 22:52:42 PDT 2009,Healthcare Services,Twitter
have watched that considering today. yaknow. shawnna tomomorrow;i need my bestfriend ,Negative,Mon Apr 06 22:52:47 PDT 2009,Healthcare Services,Twitter
"atekinzz, where in the world are you?? ",Negative,Mon Apr 06 22:52:50 PDT 2009,Healthcare Services,Twitter
@RumLover No! u supposed to be my date ,Negative,Mon Apr 06 22:52:51 PDT 2009,Healthcare Services,Twitter
"pears &amp; Brie, bottle of Cabernet, and &quot;Win a Date With Tad Hamilton&quot;... oh gawwd my life flashed forward to when I'm 40 with my 75 cats ",Negative,Mon Apr 06 22:52:56 PDT 2009,Healthcare Services,Twitter
@jyesmith That's a lot of angst for a Tuesday afternoon ,Negative,Mon Apr 06 22:53:15 PDT 2009,Healthcare Services,Twitter
I'm very glad Britney isn't crazy anymore! That was one hell of a show! Now I'm sad that it's over.  Next up...AP at Cook County!,Negative,Mon Apr 06 22:53:19 PDT 2009,Healthcare Services,Twitter
@cleders sorry...i was rooting for them too... ,Negative,Mon Apr 06 22:53:40 PDT 2009,Healthcare Services,Twitter
"Man, that took forever. ",Negative,Mon Apr 06 22:53:47 PDT 2009,Healthcare Services,Twitter
I am listing more items on ebay to sell!  Takes forever..meanwhile Coleman is watching The Hills season premier without me.. ,Negative,Mon Apr 06 22:53:50 PDT 2009,Healthcare Services,Twitter
@Houndour ...i wish i was there...i'm pretty good at scaring the shit out of people ,Negative,Mon Apr 06 22:53:55 PDT 2009,Healthcare Services,Twitter
"@stuiy never again will I click on a link that screams, &quot;I'm a spider, I'm a spider&quot;. I should have known better. yucky ",Negative,Mon Apr 06 22:55:30 PDT 2009,Healthcare Services,Twitter
@Miss_Sil no i was half asleep and turned off the laptop after that ,Negative,Mon Apr 06 22:55:48 PDT 2009,Healthcare Services,Twitter
"Death is peaceful,  life however, bites ",Negative,Mon Apr 06 22:55:53 PDT 2009,Healthcare Services,Twitter
"http://is.gd/r8Zf,  http://is.gd/r8Zy, and  http://is.gd/r8ZG - test footage with my girlfriend (in HD) The dark one is underxposed ",Negative,Mon Apr 06 22:56:00 PDT 2009,Healthcare Services,Twitter
Such a tough game to watch tonight for State  Finally going to bed after also staying up to watch the season premiere of the Hills!,Negative,Mon Apr 06 22:56:01 PDT 2009,Healthcare Services,Twitter
Seems jRuby support for hpricot is now two versions behind ,Negative,Mon Apr 06 22:56:00 PDT 2009,Healthcare Services,Twitter
@JinxCat Unlike my sister...I still don't have one ,Negative,Mon Apr 06 22:56:03 PDT 2009,Healthcare Services,Twitter
Can't sleep again. Face is kinda swollen. Don't let me be allergic to the thing that'll get me to Thursday. School tomorrow? Doubtful. ,Negative,Mon Apr 06 22:56:25 PDT 2009,Healthcare Services,Twitter
wheat bread from the dollar store just doesn't toast nicely  going over my taxes and calling it an early night,Negative,Mon Apr 06 22:56:50 PDT 2009,Healthcare Services,Twitter
"Why Kutner? I mean I knew something was going to happen to someone but it was so sad. I &lt;3 House and it was well done, but I'm still sad ",Negative,Mon Apr 06 22:56:56 PDT 2009,Healthcare Services,Twitter
"@KelleyRowe hey, you remember that time we used to be friends?? ;)  ugh. vomit. sick.  i need sleep ",Negative,Mon Apr 06 22:57:07 PDT 2009,Healthcare Services,Twitter
Oh no my computer sucks. I don't think i'll be able to listen to the Xbox 360 Fancast tonite ,Negative,Mon Apr 06 22:57:14 PDT 2009,Healthcare Services,Twitter
@hert Jesus Camp? Yeah... ,Negative,Mon Apr 06 22:57:33 PDT 2009,Healthcare Services,Twitter
"@MaryBethune oh no! with everything that happened today, i forgot we were going dress shopping for the opera tomorrow. ",Negative,Mon Apr 06 22:57:33 PDT 2009,Healthcare Services,Twitter
Turtles are better than my Mac - lasts longer and moves faster ,Negative,Mon Apr 06 22:57:37 PDT 2009,Healthcare Services,Twitter
"@ewarden, you may have to email this one to me  I hope you feel better.",Negative,Mon Apr 06 22:57:43 PDT 2009,Healthcare Services,Twitter
@arlenecd PLEASE TELL ME THAT'S SOMEWHERE CLOSE TO CALIFORNIA!!! LOL! ,Negative,Mon Apr 06 22:57:44 PDT 2009,Healthcare Services,Twitter
@phlaimeaux where are you? ,Negative,Mon Apr 06 22:57:47 PDT 2009,Healthcare Services,Twitter
stupid arranged marriages... i'll convert so you can marry me...love you! ,Negative,Mon Apr 06 22:57:52 PDT 2009,Healthcare Services,Twitter
"@emilyruppe Well he said that he is a looser, and that is what the show implies ",Negative,Mon Apr 06 22:57:50 PDT 2009,Healthcare Services,Twitter
Poor Sandra Cantu &amp; the Cantu family! My prayers go out to them! What a sick world we live in. She was only 8 ,Negative,Mon Apr 06 22:57:50 PDT 2009,Healthcare Services,Twitter
fuck omg  austins always there though man &lt;3 love you,Negative,Mon Apr 06 22:57:54 PDT 2009,Healthcare Services,Twitter
@nicolerichie I cried so hard when Matthew died ,Negative,Mon Apr 06 22:57:54 PDT 2009,Healthcare Services,Twitter
@chordsy - why am I the last to find out about these things? Like that you're on the twitter too. ,Negative,Mon Apr 06 22:57:59 PDT 2009,Healthcare Services,Twitter
@JonathanRKnight Good Knight hun! Looking forward to ur tweets again! Hate that i keep missing out on the fun cuz of the time difference ,Negative,Mon Apr 06 22:58:08 PDT 2009,Healthcare Services,Twitter
@daniela_95616 hahaa!! i just realized &quot;impune&quot; definitely isnt the word i wanted... dang. i'm so unclever. ,Negative,Mon Apr 06 22:58:24 PDT 2009,Healthcare Services,Twitter
Wahh  no CSI anywhere! DVR'ed I Love Money 2 though - gonna watch it then sleep - Goodnight Tweeters&lt;3,Negative,Mon Apr 06 22:58:26 PDT 2009,Healthcare Services,Twitter
"@heidimontag I  dvr'd it and went to watch it, apparently the dish network went down SO I MISSED IT    I will have to catch a rerun!",Negative,Mon Apr 06 23:00:24 PDT 2009,Healthcare Services,Twitter
@JessDubb lmao. U may have to wait for another season to come thru. its summe boo. Hot nd dry ass weather ,Negative,Mon Apr 06 23:00:26 PDT 2009,Healthcare Services,Twitter
[-O] I wish the frogs weren't becoming extinct    http://tinyurl.com/cxe8w7,Negative,Mon Apr 06 23:00:34 PDT 2009,Healthcare Services,Twitter
"@heidimontag Lauren is being stubborn. she loves you, you love her.  I feel so bad for you, though. it made me cry  lol!",Negative,Mon Apr 06 23:00:36 PDT 2009,Healthcare Services,Twitter
"my heart is broken every morning dropping Foo at pre school, now i understand when moms say &quot;he has my heart broken&quot;. ",Negative,Mon Apr 06 23:00:55 PDT 2009,Healthcare Services,Twitter
I can't take this heat! It's like an oven in here. I feel sick nwo ,Negative,Mon Apr 06 23:01:01 PDT 2009,Healthcare Services,Twitter
@nick_carter Come to the chat  just 15 minutes  please? http://fanclub.backstreetboys.com/chat.php,Negative,Mon Apr 06 23:01:04 PDT 2009,Healthcare Services,Twitter
Boredd. Colddd  Internet keeps stuffing up,Negative,Mon Apr 06 23:01:04 PDT 2009,Healthcare Services,Twitter
@greggrunberg hey you said matt was gonna go all ballistic... i was disappointed  good ep tho mostly,Negative,Mon Apr 06 23:01:26 PDT 2009,Healthcare Services,Twitter
ugh horrible ending to the sandra kantu story  prayers go out.,Negative,Mon Apr 06 23:01:40 PDT 2009,Healthcare Services,Twitter
@danielledeleasa http://twitpic.com/2y1pe - I hate 2 B allergic  i want a puppy soo bad that i've already thought some cool names,Negative,Mon Apr 06 23:01:53 PDT 2009,Healthcare Services,Twitter
Morning folks 7.00 am ..yawn! Up &amp; away to see to horses - hope Twitter is better behaved today!  Last night was a travesty ,Negative,Mon Apr 06 23:01:54 PDT 2009,Healthcare Services,Twitter
@AmandaEnglund Sorry to hear about your loss.     There have been many this year so far.,Negative,Mon Apr 06 23:01:56 PDT 2009,Healthcare Services,Twitter
@nicolerichie Gossip Girl was a repeat ,Negative,Mon Apr 06 23:01:59 PDT 2009,Healthcare Services,Twitter
finding it really hard to use twitter ,Negative,Mon Apr 06 23:02:00 PDT 2009,Healthcare Services,Twitter
@clarianne @Knot2serious APRIL 9TH ISN'T COMING SOON ENOUGH ,Negative,Mon Apr 06 23:02:26 PDT 2009,Healthcare Services,Twitter
"@hannahsix cream for his eye and he may have herpes - not ocular herpes, but a different strain.    He's doing okay though.",Negative,Mon Apr 06 23:02:31 PDT 2009,Healthcare Services,Twitter
gotta repeat  whole art folio cuz old one with a whole terms work got wet ,Negative,Mon Apr 06 23:02:31 PDT 2009,Healthcare Services,Twitter
@lovebscott umm nope..think im an insomniac ..plus i got the flu...i'lll be sleepin like a phuckin fish outta water any minute now! ,Negative,Mon Apr 06 23:02:39 PDT 2009,Healthcare Services,Twitter
Shiner is taking up all my bed and blankets! ,Negative,Mon Apr 06 23:02:42 PDT 2009,Healthcare Services,Twitter
"This earthquake in italy has me sadden.  it's only three hours away from naples, where my family is ",Negative,Mon Apr 06 23:02:53 PDT 2009,Healthcare Services,Twitter
@dragoneer Yea   I am working tp hack my server to do the 12player thing for folks,Negative,Mon Apr 06 23:02:55 PDT 2009,Healthcare Services,Twitter
has hurt her ankle!! and is going to the dr ,Negative,Mon Apr 06 23:02:56 PDT 2009,Healthcare Services,Twitter
Lost my free copy of radioactive so can't put it on my ipod grr!And i can't go out + buy 'nother coz it came with that paper ,Negative,Mon Apr 06 23:03:12 PDT 2009,Healthcare Services,Twitter
listening to Murd and 9th wonder- just chillen out missing my crazy sex life  ,Negative,Mon Apr 06 23:03:34 PDT 2009,Healthcare Services,Twitter
@hillary006 I'm sure everyone has ruined my gift to you  Whitney has my serious Cell #...We doing easter as well?,Negative,Mon Apr 06 23:03:39 PDT 2009,Healthcare Services,Twitter
just finished watching the movie Prayers for Bobby. Broke my heart ,Negative,Mon Apr 06 23:03:50 PDT 2009,Healthcare Services,Twitter
@stephenkruiser i had 2 put my dog down today too  someone ran her over,Negative,Mon Apr 06 23:05:29 PDT 2009,Healthcare Services,Twitter
"@moony394 OHH! OMG. LMAO. I'm crying right now, LOL! KUTNERRRR was the best! ",Negative,Mon Apr 06 23:05:38 PDT 2009,Healthcare Services,Twitter
came back from running and took a shower...why does my lower stomach still hurt after exercising? ,Negative,Mon Apr 06 23:05:38 PDT 2009,Healthcare Services,Twitter
56 min till home time and counting! I have a craving to visit the MAC store but they will have closed by the time I get there ,Negative,Mon Apr 06 23:05:41 PDT 2009,Healthcare Services,Twitter
@stephenkruiser I am so sorry to hear that!  Take care!,Negative,Mon Apr 06 23:05:44 PDT 2009,Healthcare Services,Twitter
@PaulColes  hmmm...greed is good when it motivates the individual to do better-not so much when it takes away from others ,Negative,Mon Apr 06 23:05:45 PDT 2009,Healthcare Services,Twitter
KUTNERRRR!  WHY??? WHY??????  And to think that 13 is still on the show?? UGH. Kutner/Kal Penn - you've been the bright star in Ho ...,Negative,Mon Apr 06 23:05:52 PDT 2009,Healthcare Services,Twitter
got the ebay blues! item i want jumped from no bidders to over $100 in an hour.. still has 3 hours to go. i'd better not get my hopes up ,Negative,Mon Apr 06 23:05:58 PDT 2009,Healthcare Services,Twitter
@gigdiary I know -  was a little depressed that we ate so much last night there were no leftovers today ,Negative,Mon Apr 06 23:05:58 PDT 2009,Healthcare Services,Twitter
"well the pc in my living room suffered a fatal partion lost, all my itunes library is gone.. and some docs with pics.... ",Negative,Mon Apr 06 23:06:05 PDT 2009,Healthcare Services,Twitter
@stephenkruiser You poor spunky...its so sad...my Rotti made it to 10 and I had to go down the same path....I know how you feel ,Negative,Mon Apr 06 23:06:11 PDT 2009,Healthcare Services,Twitter
"wants her step brother home  im so worried, you dont even know. i hope he knows how much i care for him...",Negative,Mon Apr 06 23:06:17 PDT 2009,Healthcare Services,Twitter
Wondering why gamebattles is down ,Negative,Mon Apr 06 23:06:27 PDT 2009,Healthcare Services,Twitter
White trash vs us... We were outnumbered.  http://twitpic.com/2y3jp,Negative,Mon Apr 06 23:06:29 PDT 2009,Healthcare Services,Twitter
"Spring break is here at last, but no one is here to celebrate ",Negative,Mon Apr 06 23:06:29 PDT 2009,Healthcare Services,Twitter
"@katebornstein which is pretty anti memorial tattoos   but for all but the strictest, there's no official BAN, just disapproving family",Negative,Mon Apr 06 23:06:33 PDT 2009,Healthcare Services,Twitter
"Balamurugan, a longterm member of the team is leaving this month. We'll miss working with him  hope he does well in his next venture",Negative,Mon Apr 06 23:06:36 PDT 2009,Healthcare Services,Twitter
@JustGelo Its sad knowing how they found her body. What a crazy world we live in. No child deserves that ya know. ,Negative,Mon Apr 06 23:06:38 PDT 2009,Healthcare Services,Twitter
"I am home missing my baby  Busy week ahead Fri is a chill day with my guy and kids, Egg hunt Sat, Spiral and DMB Sat night and Easter!",Negative,Mon Apr 06 23:06:42 PDT 2009,Healthcare Services,Twitter
@FollowSavvy I never found her. everytime I click on her twitter thing through your myspace..... it goes to some dude's page ,Negative,Mon Apr 06 23:06:50 PDT 2009,Healthcare Services,Twitter
@stephenkruiser that's horrible  sorryto hear that.,Negative,Mon Apr 06 23:06:50 PDT 2009,Healthcare Services,Twitter
@David_Henrie i cant find it! it says dtmafiaofficial doesnt exist!there's jus 1 dtmafia i found n u dun seem to b followin it  wht to do?,Negative,Mon Apr 06 23:06:55 PDT 2009,Healthcare Services,Twitter
wishes for good old cartoons to come back. ie: Captain Planet! Where's Wally! Daria! (sadness  ),Negative,Mon Apr 06 23:07:21 PDT 2009,Healthcare Services,Twitter
Another day at centre point - this time an early start so guessing train will be rammed with commuters ,Negative,Mon Apr 06 23:07:26 PDT 2009,Healthcare Services,Twitter
"Four games this fall: Modern Warfare 2, Halo 3 ODST, Brutal Legend, and Bioshock 2 I need more cash ",Negative,Mon Apr 06 23:07:23 PDT 2009,Healthcare Services,Twitter
"@d_castillo ugh, that's disconcerting ",Negative,Mon Apr 06 23:07:24 PDT 2009,Healthcare Services,Twitter
@Devinthedude007 actually the whole site has finally been taken over by those damn russians ,Negative,Mon Apr 06 23:07:25 PDT 2009,Healthcare Services,Twitter
"iLearn is down and out, great considering finals are this week... ",Negative,Mon Apr 06 23:07:39 PDT 2009,Healthcare Services,Twitter
Also I shouldve Bern asleep an hour ago ,Negative,Mon Apr 06 23:07:40 PDT 2009,Healthcare Services,Twitter
trying to figure out this twitter thing...none of my friends are on  yet. Soo much to see.,Negative,Mon Apr 06 23:07:43 PDT 2009,Healthcare Services,Twitter
@enterbelladonna i dunno how to use the forum and i get frustrated with it. i'll miss talking to you on here. ,Negative,Mon Apr 06 23:07:47 PDT 2009,Healthcare Services,Twitter
@georgeruiz Unfortunately one of those moments wasn't a giant squid monster. ,Negative,Mon Apr 06 23:07:55 PDT 2009,Healthcare Services,Twitter
"@daNanner aw, sorry to hear that. ",Negative,Mon Apr 06 23:08:06 PDT 2009,Healthcare Services,Twitter
"Change of plans, we ordered Macs instead. Time to hit the books! ",Negative,Mon Apr 06 23:08:07 PDT 2009,Healthcare Services,Twitter
@NKDreamer did you see Donnie's tweet stats? almost 700 @ replies...and no JRK ,Negative,Mon Apr 06 23:08:12 PDT 2009,Healthcare Services,Twitter
"@tim_grainger nah, I haven't received my stimulus yet ",Negative,Mon Apr 06 23:08:18 PDT 2009,Healthcare Services,Twitter
@McCainBlogette Awwwww and you were trying to go to sleep 3 hours ago ,Negative,Mon Apr 06 23:08:27 PDT 2009,Healthcare Services,Twitter
"@stephenkruiser I'm so sorry to hear that.  It's always sad when we lose those close to us, as we loved them.",Negative,Mon Apr 06 23:08:33 PDT 2009,Healthcare Services,Twitter
@stephenkruiser oh  my sympathies. it's a hard decision. i always hope my old border collie will go in her sleep. she's 14 too. *hug*,Negative,Mon Apr 06 23:08:50 PDT 2009,Healthcare Services,Twitter
@josephheustess ...well there was this really cool part where... i wont spoil it ,Negative,Mon Apr 06 23:08:55 PDT 2009,Healthcare Services,Twitter
"@theresawhite this is true, lol but it's still a slap in the face after such a warm end of march ",Negative,Mon Apr 06 23:08:59 PDT 2009,Healthcare Services,Twitter
I hate converting movies just to put em on my itouch ,Negative,Mon Apr 06 23:09:26 PDT 2009,Healthcare Services,Twitter
one less follower tonight ,Negative,Mon Apr 06 23:09:32 PDT 2009,Healthcare Services,Twitter
@Unholyknight so did your mom last night.  brb while I figure out whether I just burned you or myself the most.,Negative,Mon Apr 06 23:09:33 PDT 2009,Healthcare Services,Twitter
I feel like I am the only &quot;twitterer&quot; not on TweetDeck. ,Negative,Mon Apr 06 23:09:35 PDT 2009,Healthcare Services,Twitter
"I reaaly miss john mayer's twitters.  fuck rude people. Remove him if you don't like his tweets, bitchfucks.",Negative,Mon Apr 06 23:09:55 PDT 2009,Healthcare Services,Twitter
Superneej: Morning! Bah Car won't start.. waiting for the ANWB.... ,Negative,Mon Apr 06 23:10:06 PDT 2009,Healthcare Services,Twitter
@stephenkruiser So sorry to hear about your dog. ,Negative,Mon Apr 06 23:10:27 PDT 2009,Healthcare Services,Twitter
"@djsoulsister yeah, great vid. I had the 12&quot; single, but sold it a few years ago ",Negative,Mon Apr 06 23:10:33 PDT 2009,Healthcare Services,Twitter
@stephenkruiser awww so sad!!!  I'm so sorry!!,Negative,Mon Apr 06 23:10:47 PDT 2009,Healthcare Services,Twitter
@stephenkruiser I'm so sorry to hear about your dog   wishing you happier days to come!,Negative,Mon Apr 06 23:11:09 PDT 2009,Healthcare Services,Twitter
still procrastinating... i hate organizing my clothes  there's just so much....,Negative,Mon Apr 06 23:11:16 PDT 2009,Healthcare Services,Twitter
"Just been playing with the new Mobbler v0.4.0 and it adds some great new features, but won't play music on my E71, like v0.3.5 did ",Negative,Mon Apr 06 23:11:18 PDT 2009,Healthcare Services,Twitter
@latroneb oh but there's one bestie missing ,Negative,Mon Apr 06 23:11:20 PDT 2009,Healthcare Services,Twitter
"@esuriospiritus time to come back to flawda for double dates! no, seriously, i'm sorry to hear that. ",Negative,Mon Apr 06 23:11:21 PDT 2009,Healthcare Services,Twitter
@DAChesterFrench I emailed you yesterday and u never responded ,Negative,Mon Apr 06 23:11:35 PDT 2009,Healthcare Services,Twitter
Just got done watching the new House episode.Definitely one of the saddest episodes ever. ,Negative,Mon Apr 06 23:11:39 PDT 2009,Healthcare Services,Twitter
WTF Not Kutner!  Oh I'm so pissed @ House.  I mean really WTF   ,Negative,Mon Apr 06 23:11:51 PDT 2009,Healthcare Services,Twitter
@AmberPacific i know i dont know why i said that ,Negative,Mon Apr 06 23:11:52 PDT 2009,Healthcare Services,Twitter
CASH RULES EVERYTHING AROUND ME ,Negative,Mon Apr 06 23:11:53 PDT 2009,Healthcare Services,Twitter
@faithgg45  this computer doesn't have shockwave...blah  no account yet,Negative,Mon Apr 06 23:11:56 PDT 2009,Healthcare Services,Twitter
@luxuryprgal hahaha suriously! I feel like everyone knows this show is a joke except lc! ,Negative,Mon Apr 06 23:12:05 PDT 2009,Healthcare Services,Twitter
@stephenkruiser i so sorry for your loss. my brother dog sam is sick w/cushings disease. ,Negative,Mon Apr 06 23:12:35 PDT 2009,Healthcare Services,Twitter
"there's a new kind of starburst: favereds. sounds fab, bc cherry and strawberry are MY fav red's but they added watermellon and its yucky ",Negative,Mon Apr 06 23:12:36 PDT 2009,Healthcare Services,Twitter
heartbroken over little sandra. prayers are with the family. ,Negative,Mon Apr 06 23:13:02 PDT 2009,Healthcare Services,Twitter
@shortiethug how come ur background covers the screen but mine is in the corner? ,Negative,Mon Apr 06 23:13:10 PDT 2009,Healthcare Services,Twitter
Sliced my finger ,Negative,Mon Apr 06 23:13:26 PDT 2009,Healthcare Services,Twitter
I hate when software update downloads updates without telling me. I never know what's downloading when it is ,Negative,Mon Apr 06 23:13:31 PDT 2009,Healthcare Services,Twitter
went to ihop again. Great for a diet   At least there were no kung foo pancakes this time. -Rachel-,Negative,Mon Apr 06 23:13:35 PDT 2009,Healthcare Services,Twitter
The internet is hating me. Night i s'pose. ,Negative,Mon Apr 06 23:13:34 PDT 2009,Healthcare Services,Twitter
"Debating if I should just shower now, so I can sleep a little later tomorrow ",Negative,Mon Apr 06 23:13:39 PDT 2009,Healthcare Services,Twitter
my little pinky finger hurts so much.. ,Negative,Mon Apr 06 23:13:57 PDT 2009,Healthcare Services,Twitter
Why does school take over your life so much you don't get sleep anymore  .. I am still doing school work and have more to do as well,Negative,Mon Apr 06 23:14:43 PDT 2009,Healthcare Services,Twitter
@moony394 yeah  is it bcoz kal penn is a visiting lecturer somewhere n cant be on the show anymore? im gonna miss him ,Negative,Mon Apr 06 23:15:17 PDT 2009,Healthcare Services,Twitter
So the procrastination starts early in the quarter. I don't want to reaaaaad and write a paper ,Negative,Mon Apr 06 23:15:17 PDT 2009,Healthcare Services,Twitter
What? Apparently it's 52 degress at 11pm in Washington State. I miss winter already ,Negative,Mon Apr 06 23:15:22 PDT 2009,Healthcare Services,Twitter
massage was great. i just spilled coke all over my desk  lame. watching the simpsons as i've finished all my hills dvds.,Negative,Mon Apr 06 23:15:28 PDT 2009,Healthcare Services,Twitter
@nick_carter I will wait for you at fanclub chat.. even tough you're not my favorite ,Negative,Mon Apr 06 23:15:29 PDT 2009,Healthcare Services,Twitter
has a mild left inner ear infection.. and its got this irritating &quot;blocked&quot; feeling since sunday.. ,Negative,Mon Apr 06 23:15:30 PDT 2009,Healthcare Services,Twitter
@JaneBodehouse Hey there! Nope. My cuteness @HoytFortenberry is away for awhile ,Negative,Mon Apr 06 23:15:32 PDT 2009,Healthcare Services,Twitter
Haha not even yo. I just didn't know how to do that @thang to you on twitter  Haha,Negative,Mon Apr 06 23:15:36 PDT 2009,Healthcare Services,Twitter
Someones alarm clock or a phone woke me up at 3am...Still got my headache from yesterday night ,Negative,Mon Apr 06 23:15:43 PDT 2009,Healthcare Services,Twitter
"Sittin here w/Kayla, I really really reallly dis-like having a brother.  He doesn't know when to stop. I'm waiting for the day when one of",Negative,Mon Apr 06 23:15:50 PDT 2009,Healthcare Services,Twitter
"'s Kinda Bummed. An Agency Just Told Me That I Didn't Have The 'LOOK' That They Were Going For. Ladies, Please Help Me Create The 'LOOK' ",Negative,Mon Apr 06 23:15:53 PDT 2009,Healthcare Services,Twitter
"My goodness, it's freezing down here !!!!! ",Negative,Mon Apr 06 23:16:01 PDT 2009,Healthcare Services,Twitter
"@JoannaFBeckett, i don't think there's one close by. Last time I checked, the closest one was 70 miles away! ",Negative,Mon Apr 06 23:16:16 PDT 2009,Healthcare Services,Twitter
aaaaand back to my literature review  At least i have a friendly cup of coffee to keep me company.,Negative,Mon Apr 06 23:16:45 PDT 2009,Healthcare Services,Twitter
@rootbeersoup Yeah. Too bad people like a certain burrito-eating man exist. ,Negative,Mon Apr 06 23:17:25 PDT 2009,Healthcare Services,Twitter
@Cronotriggers  that's sad.,Negative,Mon Apr 06 23:17:29 PDT 2009,Healthcare Services,Twitter
just found out that my mum  and my adopted auntie are on twitter.. check them out my mum is TessM64 and my awesome as auntie is tania38,Negative,Mon Apr 06 23:17:38 PDT 2009,Healthcare Services,Twitter
"Cannot sleep....WIDE AWAKE!!...and I gotta go to work later too. Boy, am I going to have a crappy day. ",Negative,Mon Apr 06 23:17:42 PDT 2009,Healthcare Services,Twitter
Why can't I sleep like her  http://twitpic.com/2y3ty,Negative,Mon Apr 06 23:17:48 PDT 2009,Healthcare Services,Twitter
Bouts to start 24. Poor linny couldn't keep her eyes open.  she tired and has to work tomorrow morning. Night @ilovefatsusan.,Negative,Mon Apr 06 23:17:51 PDT 2009,Healthcare Services,Twitter
"Opening a partially frozen beer= Beer on the toaster, under the oven and all over the counter. The kitchen smells like we run a speakeasy ",Negative,Mon Apr 06 23:18:01 PDT 2009,Healthcare Services,Twitter
Anybody know where my iPod went? ,Negative,Mon Apr 06 23:18:20 PDT 2009,Healthcare Services,Twitter
"aww this earthquake in Italy has made me sad  just saw the pics on the news, it's terrible.",Negative,Mon Apr 06 23:18:26 PDT 2009,Healthcare Services,Twitter
@lilibat never been able to afford to get them out. I'd much rather go through the extraction than continue with what I deal with now. ,Negative,Mon Apr 06 23:18:27 PDT 2009,Healthcare Services,Twitter
 Why do other pet care people try to run others out of business? Or send suspicious e-mails fishing for info?,Negative,Mon Apr 06 23:18:32 PDT 2009,Healthcare Services,Twitter
it's going to be nice again tomorrow and then the rain comes back. no nice weather for my birthday ,Negative,Mon Apr 06 23:18:38 PDT 2009,Healthcare Services,Twitter
@taliasunset rock band is hard..on expert!!! ,Negative,Mon Apr 06 23:18:42 PDT 2009,Healthcare Services,Twitter
@beachbassbone: roomie was home all day. All he had to do was scratch at the door. Comforter has to goto large laundromat machines. ,Negative,Mon Apr 06 23:18:40 PDT 2009,Healthcare Services,Twitter
they killed off a character on one of my favorite shows and now i'm upset ,Negative,Mon Apr 06 23:18:52 PDT 2009,Healthcare Services,Twitter
good morning everybody! pkoi y fais pas beau  bon coffee time!,Negative,Mon Apr 06 23:20:55 PDT 2009,Healthcare Services,Twitter
@chauncey78 hey did u talk to mom.. r they home yet? i hope they r ok.. wish i was coming home 4 easter.. ,Negative,Mon Apr 06 23:21:07 PDT 2009,Healthcare Services,Twitter
"@endearingevania I sure wish I could go with you guys tmrw. But as per usual, school interferes. ",Negative,Mon Apr 06 23:21:06 PDT 2009,Healthcare Services,Twitter
played another hand very bad and lost half my stack ,Negative,Mon Apr 06 23:21:10 PDT 2009,Healthcare Services,Twitter
@yaykimo It's sad it's the last season.  I wanna see when Spencer calls Lauren!,Negative,Mon Apr 06 23:21:13 PDT 2009,Healthcare Services,Twitter
Sad about Kutner being killed off my fav show House! ,Negative,Mon Apr 06 23:21:30 PDT 2009,Healthcare Services,Twitter
happy for Coach Stringer (HOF c/o 2009!)...now if I can only finish my term paper on her ,Negative,Mon Apr 06 23:21:35 PDT 2009,Healthcare Services,Twitter
"so far i have 311 on all my sites put together,  most of them were me checking out the updates i made......",Negative,Mon Apr 06 23:21:39 PDT 2009,Healthcare Services,Twitter
has a lot on her mind. I needs to make some moneys. And ideas. Nowhere is hiring! ,Negative,Mon Apr 06 23:21:41 PDT 2009,Healthcare Services,Twitter
@stephenkruiser I'm so sorry to hear about your dog ,Negative,Mon Apr 06 23:21:44 PDT 2009,Healthcare Services,Twitter
Too much internet. How it plagues me ,Negative,Mon Apr 06 23:21:45 PDT 2009,Healthcare Services,Twitter
oh I thought the pirate bay trial verdict was today :-s apparently it's in 10 days ,Negative,Mon Apr 06 23:21:56 PDT 2009,Healthcare Services,Twitter
@featherinair call me back. ,Negative,Mon Apr 06 23:21:57 PDT 2009,Healthcare Services,Twitter
"so far i have 311 veiws on all my sites put together,  most of them were me checking out the updates i made......",Negative,Mon Apr 06 23:22:09 PDT 2009,Healthcare Services,Twitter
"Lost my phone some where.maybe in the grass, its just so long, hope it doesn't rain ",Negative,Mon Apr 06 23:22:24 PDT 2009,Healthcare Services,Twitter
@tomatosalsa hope you aren't referring to me  say hello to your new stalker LOL,Negative,Mon Apr 06 23:22:25 PDT 2009,Healthcare Services,Twitter
@brettyboo why were u sleeping?! Ur gonna be up all night now  how was ur bike ride?,Negative,Mon Apr 06 23:22:28 PDT 2009,Healthcare Services,Twitter
"@SLessard But, but, but . . I wanna listen to the masters too!  ",Negative,Mon Apr 06 23:22:33 PDT 2009,Healthcare Services,Twitter
i feel unloved. dropped 2 tweeters ,Negative,Mon Apr 06 23:22:34 PDT 2009,Healthcare Services,Twitter
Didn't sleep too bad considering I have a workshop starting today. Beginnings of a sore throat though ,Negative,Mon Apr 06 23:22:48 PDT 2009,Healthcare Services,Twitter
We're going to post some stories manually due to Twitterfeed problem. That's why we've been so quiet lately .... ,Negative,Mon Apr 06 23:22:55 PDT 2009,Healthcare Services,Twitter
i don't like lukewarm showers ,Negative,Mon Apr 06 23:23:03 PDT 2009,Healthcare Services,Twitter
@linuxfoundation - Who should I contact if I need a 1099 for freelance work I did on Linux.com throughout 2008? Never got one. ,Negative,Mon Apr 06 23:23:07 PDT 2009,Healthcare Services,Twitter
"Need some help?! Want to buy a Macbook pro, but still inlove with my old powerbook! ",Negative,Mon Apr 06 23:23:11 PDT 2009,Healthcare Services,Twitter
@michaeltao man america is so .. borez anyway lol i just realized you sent me msgs on here. i had no idea. i have no flash ,Negative,Mon Apr 06 23:23:13 PDT 2009,Healthcare Services,Twitter
Does anybody know how to get your electrolytes back in order? With a vitamin work? I feel sick. ,Negative,Mon Apr 06 23:23:16 PDT 2009,Healthcare Services,Twitter
"@sudam08  yes, someone hasn't been reading my posts properly  ",Negative,Mon Apr 06 23:23:17 PDT 2009,Healthcare Services,Twitter
Almost through with my Italian homework!  Weeeeee.... now if I only understood what I was doing.  ,Negative,Mon Apr 06 23:23:20 PDT 2009,Healthcare Services,Twitter
@therealnph Twitter hates us both then.  ,Negative,Mon Apr 06 23:23:33 PDT 2009,Healthcare Services,Twitter
@celesteclara i can't sleep either ,Negative,Mon Apr 06 23:23:44 PDT 2009,Healthcare Services,Twitter
"@TheBlondeTheory Between that and the Italy earthquake, it's been a very sad news day. ",Negative,Mon Apr 06 23:23:46 PDT 2009,Healthcare Services,Twitter
@MajesticFlame ouch - sounds very sucky ,Negative,Mon Apr 06 23:23:52 PDT 2009,Healthcare Services,Twitter
"@RumLover An empty rum barrel is a sad rum barrel. *shakes head* the horror, the horror.  ",Negative,Mon Apr 06 23:24:31 PDT 2009,Healthcare Services,Twitter
@misterphipps you cooked risotto without me!!??? ,Negative,Mon Apr 06 23:24:47 PDT 2009,Healthcare Services,Twitter
Keeeerrrrriiiiii!!!!  I really have nothing better to do then post on this thing at 224am.....wonderfullll. Says alot.,Negative,Mon Apr 06 23:24:53 PDT 2009,Healthcare Services,Twitter
omg exams killed me  how could i not know the difference between haif a circle and a hemisphere &lt;/3 &gt;,Negative,Mon Apr 06 23:25:02 PDT 2009,Healthcare Services,Twitter
In bed... I suddenly feel  I wish MA was here w/me... Goodnight TwitterFam,Negative,Mon Apr 06 23:25:04 PDT 2009,Healthcare Services,Twitter
Lookin like an all-nighter. I hate it when I do this to myself ,Negative,Mon Apr 06 23:25:23 PDT 2009,Healthcare Services,Twitter
@vernonhamilton You're a stranger   ,Negative,Mon Apr 06 23:25:23 PDT 2009,Healthcare Services,Twitter
"Debbugging old VB6 code, the day could have started better . . .  ",Negative,Mon Apr 06 23:25:27 PDT 2009,Healthcare Services,Twitter
@toddlington only a quarter of a percent babe  darn,Negative,Mon Apr 06 23:25:31 PDT 2009,Healthcare Services,Twitter
"Coming down with a cold or bad allergies. Either way, I'm miserable! ",Negative,Mon Apr 06 23:25:38 PDT 2009,Healthcare Services,Twitter
"Can't believe Cutner is dead on House! Sad day.  in Santa Rosa, CA http://loopt.us/ORPL3A",Negative,Mon Apr 06 23:25:38 PDT 2009,Healthcare Services,Twitter
Damnit I was really digging this season of Reaper  http://www.tv.com/story/13720.html?ref_story_id=13720&amp;ref_type=1101&amp;ref_name=story,Negative,Mon Apr 06 23:25:42 PDT 2009,Healthcare Services,Twitter
"Gah, Comcast doubled our cable/internet bill w/out telling us, so we are quitting.  Can anyone suggest an affordable company in bay area?",Negative,Mon Apr 06 23:25:54 PDT 2009,Healthcare Services,Twitter
"Another early morn with the Duchess, although she hadn't managed to cross her legs this time ",Negative,Mon Apr 06 23:26:04 PDT 2009,Healthcare Services,Twitter
"A king sized bed is nice but sad and lonely with no hubby, puppy, or kitty   I am over this whole conferenceing thing.",Negative,Mon Apr 06 23:26:57 PDT 2009,Healthcare Services,Twitter
im boredd. gah  i wish i could just sleep and get it over with but ive had toooo muchh cooooffffeeeeeeeee  bahaha,Negative,Mon Apr 06 23:26:57 PDT 2009,Healthcare Services,Twitter
@whyinthehell If I may butt in again.  I'm done being nosey.  sorry your conversation was just so interesting!,Negative,Mon Apr 06 23:26:58 PDT 2009,Healthcare Services,Twitter
"18 weeks till sisters home.. i missed her call, again! its the worst feeling in the world. ",Negative,Mon Apr 06 23:27:13 PDT 2009,Healthcare Services,Twitter
@SimoneKali Get me an autograph and shout out! You have to record it though. My computer is dead so I can't listen. ,Negative,Mon Apr 06 23:27:21 PDT 2009,Healthcare Services,Twitter
@jennlopez I had to get an HD tivo and just got it set up tonight in order to get channels 40 - 59. ,Negative,Mon Apr 06 23:27:34 PDT 2009,Healthcare Services,Twitter
@mouthsex i asked everyone how they were doing yesterday and not a single tweet back ,Negative,Mon Apr 06 23:27:37 PDT 2009,Healthcare Services,Twitter
@adame ruddy money!! i like it!! still waiting here.... oh what a surprise... by state too?? hmmm....... seriously!! ,Negative,Mon Apr 06 23:27:38 PDT 2009,Healthcare Services,Twitter
@Kal_Penn I am so sad  Kutner was my favorite of the new team!!,Negative,Mon Apr 06 23:27:40 PDT 2009,Healthcare Services,Twitter
Seating here helping my baby with his papers...well he is forcing me too seat with him  im sleepy,Negative,Mon Apr 06 23:27:48 PDT 2009,Healthcare Services,Twitter
I've just spent 1 hour to enter all the bureaucratic nonsense for March. What a waste of my time ,Negative,Mon Apr 06 23:27:50 PDT 2009,Healthcare Services,Twitter
Nw more confused then ever! ,Negative,Mon Apr 06 23:27:58 PDT 2009,Healthcare Services,Twitter
@hellobebe I also send some updates in plurk but i upload photos on twitter!  you didnt see any of my updates on plurk? Zero? ,Negative,Mon Apr 06 23:28:09 PDT 2009,Healthcare Services,Twitter
omg... &quot;The Reader&quot; is making me ,Negative,Mon Apr 06 23:28:13 PDT 2009,Healthcare Services,Twitter
"@cloudpimps d'oh! At least you're getting a decent exchange rate at the moment, sterling is still getting flogged ",Negative,Mon Apr 06 23:28:14 PDT 2009,Healthcare Services,Twitter
There's an inch of snow on the ground (and counting). I'm worried about the poor flowers ,Negative,Mon Apr 06 23:28:32 PDT 2009,Healthcare Services,Twitter
@dweeman why aren't you a happy camper? ,Negative,Mon Apr 06 23:28:38 PDT 2009,Healthcare Services,Twitter
"@dkoenigs thanks man.  I'm so very grateful.  I feel unworthy of such attention, though, because I'm in this because of myself... ",Negative,Mon Apr 06 23:28:39 PDT 2009,Healthcare Services,Twitter
"@kisluvkis oh that is very sad, poor boy. ",Negative,Mon Apr 06 23:28:49 PDT 2009,Healthcare Services,Twitter
"@JonathanRKnight @silver_tulip27 Um, that would be a hell no to the fugly poker dog pants on the cruise!  Hi Jonathan, sorry I missed you ",Negative,Mon Apr 06 23:28:50 PDT 2009,Healthcare Services,Twitter
so a murder? gotcha.  Cant believe it,Negative,Mon Apr 06 23:30:18 PDT 2009,Healthcare Services,Twitter
"Ordered some maternity clothes online, which came today. I got something strange I didn't order, not in my size. And stuff is missing. ",Negative,Mon Apr 06 23:30:20 PDT 2009,Healthcare Services,Twitter
I have mouth ulcer  so painful to talk and eat! ,Negative,Mon Apr 06 23:30:46 PDT 2009,Healthcare Services,Twitter
@Kal_Penn you were pretty much my fave...not much reason to watch now ,Negative,Mon Apr 06 23:30:51 PDT 2009,Healthcare Services,Twitter
@Artistbabee but tht's annoying &amp;definitely not bitchy enough  he def broke like everything in me. he prolly doesn't even kno oct. 5!,Negative,Mon Apr 06 23:30:51 PDT 2009,Healthcare Services,Twitter
@graemearcher I am sad about Innocent selling out too! ,Negative,Mon Apr 06 23:31:06 PDT 2009,Healthcare Services,Twitter
my poor little girl has a baaaad rash on her bum and isnt feeling good ,Negative,Mon Apr 06 23:31:18 PDT 2009,Healthcare Services,Twitter
@nicolerichie yes! we had the VHS. i cried when the old man died ,Negative,Mon Apr 06 23:31:25 PDT 2009,Healthcare Services,Twitter
"@octopuseatspie I GOT THE I CAN HAS CHEZBURGER BOOK FROM THE LOBO, AND YOU ARE NOT HERE TO LOOK AT IT WIF ME ",Negative,Mon Apr 06 23:31:59 PDT 2009,Healthcare Services,Twitter
@robertfperez ugh of course not  Just thursday and friday..sat I have both kids,Negative,Mon Apr 06 23:32:03 PDT 2009,Healthcare Services,Twitter
@Kal_Penn OH MY GOSH. I'M STILL ~EMOTIONALLY~ DYING AT THE FACT THAT KUTNER'S GONE! Arggg.  Kal ily. ,Negative,Mon Apr 06 23:32:06 PDT 2009,Healthcare Services,Twitter
@siddharth_ind yeah i do. i have an application that runs every few minutes to do that but its the add-ons. they conflict all the time ,Negative,Mon Apr 06 23:32:19 PDT 2009,Healthcare Services,Twitter
@gracedent it's her &quot;hair&quot; I can't deal with ,Negative,Mon Apr 06 23:32:33 PDT 2009,Healthcare Services,Twitter
Meat Week Day 3: Tummy hurts every night ,Negative,Mon Apr 06 23:32:39 PDT 2009,Healthcare Services,Twitter
Why isn't there a &quot;fake&quot; Verruca on Twitter?... Now i'm sad. ,Negative,Mon Apr 06 23:32:42 PDT 2009,Healthcare Services,Twitter
On the phone with the bestie than shower.. Confused I don't know what to do ,Negative,Mon Apr 06 23:32:44 PDT 2009,Healthcare Services,Twitter
@OfficialPRofOZ she sed puerto rican ,Negative,Mon Apr 06 23:32:52 PDT 2009,Healthcare Services,Twitter
@JoeFernandez @klout your not thinking of selling are you? ,Negative,Mon Apr 06 23:32:53 PDT 2009,Healthcare Services,Twitter
@sensesdestroyer I wanna go to lamb of god ,Negative,Mon Apr 06 23:33:08 PDT 2009,Healthcare Services,Twitter
is sad she has lost her HN arm band...it just disappeared ,Negative,Mon Apr 06 23:33:19 PDT 2009,Healthcare Services,Twitter
set my alarm to wake up... wanted to speak to my sis in Africa on Skype - I miss her sooo much ,Negative,Mon Apr 06 23:33:38 PDT 2009,Healthcare Services,Twitter
"|H|ouse made me sad. Oh, Kutner ",Negative,Mon Apr 06 23:33:54 PDT 2009,Healthcare Services,Twitter
Why do I keep looking...I know that what I read is gonna hurt but I still look! I guess it's just a girl thing &amp; I need to get over him. ,Negative,Mon Apr 06 23:33:55 PDT 2009,Healthcare Services,Twitter
"@Health4UandPets saw the one with a GSD covered in them, and I could not stop crying. I just bawled and bawled ",Negative,Mon Apr 06 23:33:59 PDT 2009,Healthcare Services,Twitter
@mycaricature The only bit that got me really was when he said Babs was a bad mum  I'm sure that hurts her even though she's laughing.,Negative,Mon Apr 06 23:34:31 PDT 2009,Healthcare Services,Twitter
Used the term &quot;Fail Whale&quot; to a client on a pitch last night. From their incomprehension corp twitter is being done much lower in the org ,Negative,Mon Apr 06 23:34:32 PDT 2009,Healthcare Services,Twitter
@rootbeerfloats8 You hate Billy now?! ,Negative,Mon Apr 06 23:34:34 PDT 2009,Healthcare Services,Twitter
why do both of my best friends have to be shitty simultaneously?  Can u at least take turns hurting my feelings? jerks..    going 2 sleep.,Negative,Mon Apr 06 23:34:53 PDT 2009,Healthcare Services,Twitter
@onlysweeter I don't know the dance. ,Negative,Mon Apr 06 23:34:52 PDT 2009,Healthcare Services,Twitter
"@sarahprout tweetfinder hates me  and I was having trouble with background on twitter,what do you think?",Negative,Mon Apr 06 23:35:10 PDT 2009,Healthcare Services,Twitter
@Twilighter4Life lol yeh ill be studying  stupid uni. only 2 more weeks and im on holidays! YAY! plus my birthday next week woot,Negative,Mon Apr 06 23:35:11 PDT 2009,Healthcare Services,Twitter
"@transbay &quot;SFMTA Budget Proposal Hearing: tomorrow, April 7 at 2:00 pm (City Hall, Room 400). Sadly, I cannot attend.&quot; Me neither. ",Negative,Mon Apr 06 23:35:15 PDT 2009,Healthcare Services,Twitter
is afraid that her G.I. notes will not read themselves. ,Negative,Mon Apr 06 23:35:22 PDT 2009,Healthcare Services,Twitter
*Sigh* Rain??? Why did you decide to show up? Move away! You were not invited to the Tuesday-party  (this is not the start I hoped for),Negative,Mon Apr 06 23:35:28 PDT 2009,Healthcare Services,Twitter
"_secretgarden_ I haven't gotten any porn spammers  I don't check my followers, but haven't had any tweets like that.",Negative,Mon Apr 06 23:35:28 PDT 2009,Healthcare Services,Twitter
@charleneli Disqus now integrates conversations on many platforms. haven't heard abt JS-Kit ,Negative,Mon Apr 06 23:35:34 PDT 2009,Healthcare Services,Twitter
and they advertising fake louis bags as 100% authentic on google  i'm pissed!,Negative,Mon Apr 06 23:35:36 PDT 2009,Healthcare Services,Twitter
"@henrygooden @oddchicken I went there about a month and a half ago, was still open then. Smelt really good, but I was getting sick ",Negative,Mon Apr 06 23:35:53 PDT 2009,Healthcare Services,Twitter
job searching.....FYI: Yahoo HOT JOBS suck! .. im never going to find a job ,Negative,Mon Apr 06 23:35:56 PDT 2009,Healthcare Services,Twitter
@big_think Can Zack tell me how to edit my Bio/Profile? Why create a login at a different co's site to get an answer from BT TechHelp? ,Negative,Mon Apr 06 23:36:04 PDT 2009,Healthcare Services,Twitter
Very tired this morning - no idea why! Great start to the day ,Negative,Mon Apr 06 23:36:16 PDT 2009,Healthcare Services,Twitter
"Morning All, I'm back from my little break from the computer. back to work again today ",Negative,Mon Apr 06 23:36:20 PDT 2009,Healthcare Services,Twitter
still no &quot;followers&quot;   please some1 inform me on how this works????,Negative,Mon Apr 06 23:36:22 PDT 2009,Healthcare Services,Twitter
Tried to get up earlier today........didn't work out ,Negative,Mon Apr 06 23:36:38 PDT 2009,Healthcare Services,Twitter
"About to shower, which I hope will wake me up at last. Oh, and the synth experiments yielded nothing last night ",Negative,Mon Apr 06 23:37:08 PDT 2009,Healthcare Services,Twitter
is really bored and really sleepy...and mad she can't find a custom lanyard maker that wont make me buy 1000000 minimum ,Negative,Mon Apr 06 23:37:08 PDT 2009,Healthcare Services,Twitter
I've finally given in. Now at Malaysian restaurant waiting for nasi lemak and teh Tarik. Mereka tak faham bm...  http://twitpic.com/2y4bh,Negative,Mon Apr 06 23:37:23 PDT 2009,Healthcare Services,Twitter
I think I need to get laid. Sad revolution I had earlier rofl ,Negative,Mon Apr 06 23:37:32 PDT 2009,Healthcare Services,Twitter
@MissxMarisa haven't heard from Hannah at all yet!! it's very disappointing ,Negative,Mon Apr 06 23:37:47 PDT 2009,Healthcare Services,Twitter
@hutsoncap  everything alright?,Negative,Mon Apr 06 23:37:52 PDT 2009,Healthcare Services,Twitter
"@Gripping agreed! love the sound, but hates how everyone knows them ",Negative,Mon Apr 06 23:38:37 PDT 2009,Healthcare Services,Twitter
@brendamew2 no art tomorrow.  and nice to see you've joined twitter!,Negative,Mon Apr 06 23:38:42 PDT 2009,Healthcare Services,Twitter
"Sigh, I think my PMS is making my mind totally over-analyse things and making me sad ",Negative,Mon Apr 06 23:38:42 PDT 2009,Healthcare Services,Twitter
@doriantaylor I had one outside my patio. I named him Rex. Then the gardner took him down. RIP Rex ,Negative,Mon Apr 06 23:38:45 PDT 2009,Healthcare Services,Twitter
Good morning for a very rainy France  No gardening for me today.,Negative,Mon Apr 06 23:38:57 PDT 2009,Healthcare Services,Twitter
"If ever there was a day for staying in bed, today is it ",Negative,Mon Apr 06 23:38:59 PDT 2009,Healthcare Services,Twitter
Got to take Cleo to the vets. Not sure what's wrong with her but she's feeling very sorry for herself. ,Negative,Mon Apr 06 23:39:02 PDT 2009,Healthcare Services,Twitter
@kimmyawesome Ohhhh that sucks  I love the summer set.,Negative,Mon Apr 06 23:40:34 PDT 2009,Healthcare Services,Twitter
